,index,Year,Score,Field
0,2003,2003,0.1052492045,Spcl
1,2006,2006,0.064102564,Spcl
2,2007,2007,-0.036231884000000006,Spcl
3,2010,2010,0.012307147666666667,Spcl
4,2012,2012,0.022014170000000003,Spcl
5,2015,2015,0.06408776,Spcl
6,2016,2016,0.03659754675,Spcl
7,2017,2017,0.005727605000000001,Spcl
8,2018,2018,0.006088272666666669,Spcl
